"regulatoryGene"	"targetGene"	"weight"
"ENSG00000275807"	"ENSG00000269867"	0.00571195889646886
"BBS5"	"EDIL3"	0.00438028584591348
"BBS5"	"MAPK15"	0.00426955234641734
"MAPK15"	"ENSG00000275807"	0.00411599960654771
"PVR"	"MAPK15"	0.00369474487146162
"CHRM1"	"NBAS"	0.00343605009569486
"ENSG00000269867"	"CHRM1"	0.0029614832679068
"PVR"	"CYP17A1"	0.00278174950788214
"MAPK15"	"BBS5"	0.00269691882911354
